<?xml version="1.0" encoding="UTF-8"?>
<root>
  <item name="com.google.blockly.model.Block void fireUpdate(int) 0">
    <annotation name="android.support.annotation.IntDef">
      <val name="value" val="{com.google.blockly.model.Block.UPDATE_INPUTS_FIELDS_CONNECTIONS, com.google.blockly.model.Block.UPDATE_COLOR, com.google.blockly.model.Block.UPDATE_COMMENT, com.google.blockly.model.Block.UPDATE_IS_SHADOW, com.google.blockly.model.Block.UPDATE_IS_DISABLED, com.google.blockly.model.Block.UPDATE_IS_COLLAPSED, com.google.blockly.model.Block.UPDATE_IS_EDITABLE, com.google.blockly.model.Block.UPDATE_IS_DELETABLE, com.google.blockly.model.Block.UPDATE_TOOLTIP, com.google.blockly.model.Block.UPDATE_CONTEXT_MENU, com.google.blockly.model.Block.UPDATE_INPUTS_INLINE, com.google.blockly.model.Block.UPDATE_IS_MOVEABLE}" />
    </annotation>
  </item>
  <item name="com.google.blockly.model.Block.Observer void onBlockUpdated(com.google.blockly.model.Block, int) 1">
    <annotation name="android.support.annotation.IntDef">
      <val name="value" val="{com.google.blockly.model.Block.UPDATE_INPUTS_FIELDS_CONNECTIONS, com.google.blockly.model.Block.UPDATE_COLOR, com.google.blockly.model.Block.UPDATE_COMMENT, com.google.blockly.model.Block.UPDATE_IS_SHADOW, com.google.blockly.model.Block.UPDATE_IS_DISABLED, com.google.blockly.model.Block.UPDATE_IS_COLLAPSED, com.google.blockly.model.Block.UPDATE_IS_EDITABLE, com.google.blockly.model.Block.UPDATE_IS_DELETABLE, com.google.blockly.model.Block.UPDATE_TOOLTIP, com.google.blockly.model.Block.UPDATE_CONTEXT_MENU, com.google.blockly.model.Block.UPDATE_INPUTS_INLINE, com.google.blockly.model.Block.UPDATE_IS_MOVEABLE}" />
    </annotation>
  </item>
  <item name="com.google.blockly.model.Block.UpdateState">
    <annotation name="android.support.annotation.IntDef">
      <val name="value" val="{com.google.blockly.model.Block.UPDATE_INPUTS_FIELDS_CONNECTIONS, com.google.blockly.model.Block.UPDATE_COLOR, com.google.blockly.model.Block.UPDATE_COMMENT, com.google.blockly.model.Block.UPDATE_IS_SHADOW, com.google.blockly.model.Block.UPDATE_IS_DISABLED, com.google.blockly.model.Block.UPDATE_IS_COLLAPSED, com.google.blockly.model.Block.UPDATE_IS_EDITABLE, com.google.blockly.model.Block.UPDATE_IS_DELETABLE, com.google.blockly.model.Block.UPDATE_TOOLTIP, com.google.blockly.model.Block.UPDATE_CONTEXT_MENU, com.google.blockly.model.Block.UPDATE_INPUTS_INLINE, com.google.blockly.model.Block.UPDATE_IS_MOVEABLE}" />
    </annotation>
  </item>
  <item name="com.google.blockly.model.BlocklyCategory.CategoryItem CategoryItem(int) 0">
    <annotation name="android.support.annotation.IntDef">
      <val name="value" val="{com.google.blockly.model.BlocklyCategory.CategoryItem.TYPE_BLOCK, com.google.blockly.model.BlocklyCategory.CategoryItem.TYPE_LABEL, com.google.blockly.model.BlocklyCategory.CategoryItem.TYPE_BUTTON}" />
    </annotation>
  </item>
  <item name="com.google.blockly.model.BlocklyCategory.CategoryItem int getType()">
    <annotation name="android.support.annotation.IntDef">
      <val name="value" val="{com.google.blockly.model.BlocklyCategory.CategoryItem.TYPE_BLOCK, com.google.blockly.model.BlocklyCategory.CategoryItem.TYPE_LABEL, com.google.blockly.model.BlocklyCategory.CategoryItem.TYPE_BUTTON}" />
    </annotation>
  </item>
  <item name="com.google.blockly.model.BlocklyCategory.CategoryItem mType">
    <annotation name="android.support.annotation.IntDef">
      <val name="value" val="{com.google.blockly.model.BlocklyCategory.CategoryItem.TYPE_BLOCK, com.google.blockly.model.BlocklyCategory.CategoryItem.TYPE_LABEL, com.google.blockly.model.BlocklyCategory.CategoryItem.TYPE_BUTTON}" />
    </annotation>
  </item>
  <item name="com.google.blockly.model.BlocklyCategory.CategoryItem.ItemType">
    <annotation name="android.support.annotation.IntDef">
      <val name="value" val="{com.google.blockly.model.BlocklyCategory.CategoryItem.TYPE_BLOCK, com.google.blockly.model.BlocklyCategory.CategoryItem.TYPE_LABEL, com.google.blockly.model.BlocklyCategory.CategoryItem.TYPE_BUTTON}" />
    </annotation>
  </item>
  <item name="com.google.blockly.model.BlocklyEvent BlocklyEvent(int, java.lang.String, java.lang.String, java.lang.String) 0">
    <annotation name="android.support.annotation.IntDef">
      <val name="flag" val="true" />
      <val name="value" val="{com.google.blockly.model.BlocklyEvent.TYPE_CHANGE, com.google.blockly.model.BlocklyEvent.TYPE_CREATE, com.google.blockly.model.BlocklyEvent.TYPE_DELETE, com.google.blockly.model.BlocklyEvent.TYPE_MOVE, com.google.blockly.model.BlocklyEvent.TYPE_UI}" />
    </annotation>
  </item>
  <item name="com.google.blockly.model.BlocklyEvent BlocklyEvent(int, org.json.JSONObject) 0">
    <annotation name="android.support.annotation.IntDef">
      <val name="flag" val="true" />
      <val name="value" val="{com.google.blockly.model.BlocklyEvent.TYPE_CHANGE, com.google.blockly.model.BlocklyEvent.TYPE_CREATE, com.google.blockly.model.BlocklyEvent.TYPE_DELETE, com.google.blockly.model.BlocklyEvent.TYPE_MOVE, com.google.blockly.model.BlocklyEvent.TYPE_UI}" />
    </annotation>
  </item>
  <item name="com.google.blockly.model.BlocklyEvent TYPE_ALL">
    <annotation name="android.support.annotation.IntDef">
      <val name="flag" val="true" />
      <val name="value" val="{com.google.blockly.model.BlocklyEvent.TYPE_CHANGE, com.google.blockly.model.BlocklyEvent.TYPE_CREATE, com.google.blockly.model.BlocklyEvent.TYPE_DELETE, com.google.blockly.model.BlocklyEvent.TYPE_MOVE, com.google.blockly.model.BlocklyEvent.TYPE_UI}" />
    </annotation>
  </item>
  <item name="com.google.blockly.model.BlocklyEvent int getTypeId()">
    <annotation name="android.support.annotation.IntDef">
      <val name="flag" val="true" />
      <val name="value" val="{com.google.blockly.model.BlocklyEvent.TYPE_CHANGE, com.google.blockly.model.BlocklyEvent.TYPE_CREATE, com.google.blockly.model.BlocklyEvent.TYPE_DELETE, com.google.blockly.model.BlocklyEvent.TYPE_MOVE, com.google.blockly.model.BlocklyEvent.TYPE_UI}" />
    </annotation>
  </item>
  <item name="com.google.blockly.model.BlocklyEvent mTypeId">
    <annotation name="android.support.annotation.IntDef">
      <val name="flag" val="true" />
      <val name="value" val="{com.google.blockly.model.BlocklyEvent.TYPE_CHANGE, com.google.blockly.model.BlocklyEvent.TYPE_CREATE, com.google.blockly.model.BlocklyEvent.TYPE_DELETE, com.google.blockly.model.BlocklyEvent.TYPE_MOVE, com.google.blockly.model.BlocklyEvent.TYPE_UI}" />
    </annotation>
  </item>
  <item name="com.google.blockly.model.BlocklyEvent.ChangeElement">
    <annotation name="android.support.annotation.StringDef">
      <val name="value" val="{com.google.blockly.model.BlocklyEvent.ELEMENT_COLLAPSED, com.google.blockly.model.BlocklyEvent.ELEMENT_COMMENT, com.google.blockly.model.BlocklyEvent.ELEMENT_DISABLED, com.google.blockly.model.BlocklyEvent.ELEMENT_FIELD, com.google.blockly.model.BlocklyEvent.ELEMENT_INLINE, com.google.blockly.model.BlocklyEvent.ELEMENT_MUTATE}" />
    </annotation>
  </item>
  <item name="com.google.blockly.model.BlocklyEvent.ChangeEvent ChangeEvent(java.lang.String, com.google.blockly.model.Block, com.google.blockly.model.Field, java.lang.String, java.lang.String) 0">
    <annotation name="android.support.annotation.StringDef">
      <val name="value" val="{com.google.blockly.model.BlocklyEvent.ELEMENT_COLLAPSED, com.google.blockly.model.BlocklyEvent.ELEMENT_COMMENT, com.google.blockly.model.BlocklyEvent.ELEMENT_DISABLED, com.google.blockly.model.BlocklyEvent.ELEMENT_FIELD, com.google.blockly.model.BlocklyEvent.ELEMENT_INLINE, com.google.blockly.model.BlocklyEvent.ELEMENT_MUTATE}" />
    </annotation>
  </item>
  <item name="com.google.blockly.model.BlocklyEvent.ChangeEvent java.lang.String getElement()">
    <annotation name="android.support.annotation.StringDef">
      <val name="value" val="{com.google.blockly.model.BlocklyEvent.ELEMENT_COLLAPSED, com.google.blockly.model.BlocklyEvent.ELEMENT_COMMENT, com.google.blockly.model.BlocklyEvent.ELEMENT_DISABLED, com.google.blockly.model.BlocklyEvent.ELEMENT_FIELD, com.google.blockly.model.BlocklyEvent.ELEMENT_INLINE, com.google.blockly.model.BlocklyEvent.ELEMENT_MUTATE}" />
    </annotation>
  </item>
  <item name="com.google.blockly.model.BlocklyEvent.ChangeEvent mElementChanged">
    <annotation name="android.support.annotation.StringDef">
      <val name="value" val="{com.google.blockly.model.BlocklyEvent.ELEMENT_COLLAPSED, com.google.blockly.model.BlocklyEvent.ELEMENT_COMMENT, com.google.blockly.model.BlocklyEvent.ELEMENT_DISABLED, com.google.blockly.model.BlocklyEvent.ELEMENT_FIELD, com.google.blockly.model.BlocklyEvent.ELEMENT_INLINE, com.google.blockly.model.BlocklyEvent.ELEMENT_MUTATE}" />
    </annotation>
  </item>
  <item name="com.google.blockly.model.BlocklyEvent.EventType">
    <annotation name="android.support.annotation.IntDef">
      <val name="flag" val="true" />
      <val name="value" val="{com.google.blockly.model.BlocklyEvent.TYPE_CHANGE, com.google.blockly.model.BlocklyEvent.TYPE_CREATE, com.google.blockly.model.BlocklyEvent.TYPE_DELETE, com.google.blockly.model.BlocklyEvent.TYPE_MOVE, com.google.blockly.model.BlocklyEvent.TYPE_UI}" />
    </annotation>
  </item>
  <item name="com.google.blockly.model.BlocklyEvent.UIElement">
    <annotation name="android.support.annotation.StringDef">
      <val name="value" val="{com.google.blockly.model.BlocklyEvent.ELEMENT_CATEGORY, com.google.blockly.model.BlocklyEvent.ELEMENT_CLICK, com.google.blockly.model.BlocklyEvent.ELEMENT_COMMENT_OPEN, com.google.blockly.model.BlocklyEvent.ELEMENT_MUTATOR_OPEN, com.google.blockly.model.BlocklyEvent.ELEMENT_SELECTED, com.google.blockly.model.BlocklyEvent.ELEMENT_TRASH, com.google.blockly.model.BlocklyEvent.ELEMENT_WARNING_OPEN}" />
    </annotation>
  </item>
  <item name="com.google.blockly.model.BlocklyEvent.UIEvent UIEvent(java.lang.String, com.google.blockly.model.Block, java.lang.String, java.lang.String) 0">
    <annotation name="android.support.annotation.StringDef">
      <val name="value" val="{com.google.blockly.model.BlocklyEvent.ELEMENT_CATEGORY, com.google.blockly.model.BlocklyEvent.ELEMENT_CLICK, com.google.blockly.model.BlocklyEvent.ELEMENT_COMMENT_OPEN, com.google.blockly.model.BlocklyEvent.ELEMENT_MUTATOR_OPEN, com.google.blockly.model.BlocklyEvent.ELEMENT_SELECTED, com.google.blockly.model.BlocklyEvent.ELEMENT_TRASH, com.google.blockly.model.BlocklyEvent.ELEMENT_WARNING_OPEN}" />
    </annotation>
  </item>
  <item name="com.google.blockly.model.BlocklyEvent.UIEvent mUiElement">
    <annotation name="android.support.annotation.StringDef">
      <val name="value" val="{com.google.blockly.model.BlocklyEvent.ELEMENT_CATEGORY, com.google.blockly.model.BlocklyEvent.ELEMENT_CLICK, com.google.blockly.model.BlocklyEvent.ELEMENT_COMMENT_OPEN, com.google.blockly.model.BlocklyEvent.ELEMENT_MUTATOR_OPEN, com.google.blockly.model.BlocklyEvent.ELEMENT_SELECTED, com.google.blockly.model.BlocklyEvent.ELEMENT_TRASH, com.google.blockly.model.BlocklyEvent.ELEMENT_WARNING_OPEN}" />
    </annotation>
  </item>
  <item name="com.google.blockly.model.Connection Connection(int, java.lang.String[]) 0">
    <annotation name="android.support.annotation.IntDef">
      <val name="value" val="{com.google.blockly.model.Connection.CONNECTION_TYPE_PREVIOUS, com.google.blockly.model.Connection.CONNECTION_TYPE_NEXT, com.google.blockly.model.Connection.CONNECTION_TYPE_INPUT, com.google.blockly.model.Connection.CONNECTION_TYPE_OUTPUT}" />
    </annotation>
  </item>
  <item name="com.google.blockly.model.Connection OPPOSITE_TYPES">
    <annotation name="android.support.annotation.IntDef">
      <val name="value" val="{com.google.blockly.model.Connection.CONNECTION_TYPE_PREVIOUS, com.google.blockly.model.Connection.CONNECTION_TYPE_NEXT, com.google.blockly.model.Connection.CONNECTION_TYPE_INPUT, com.google.blockly.model.Connection.CONNECTION_TYPE_OUTPUT}" />
    </annotation>
  </item>
  <item name="com.google.blockly.model.Connection int canConnectWithReason(com.google.blockly.model.Connection)">
    <annotation name="android.support.annotation.IntDef">
      <val name="value" val="{com.google.blockly.model.Connection.CAN_CONNECT, com.google.blockly.model.Connection.REASON_SELF_CONNECTION, com.google.blockly.model.Connection.REASON_WRONG_TYPE, com.google.blockly.model.Connection.REASON_MUST_DISCONNECT, com.google.blockly.model.Connection.REASON_TARGET_NULL, com.google.blockly.model.Connection.REASON_CHECKS_FAILED}" />
    </annotation>
  </item>
  <item name="com.google.blockly.model.Connection int canConnectWithReason(com.google.blockly.model.Connection, boolean)">
    <annotation name="android.support.annotation.IntDef">
      <val name="value" val="{com.google.blockly.model.Connection.CAN_CONNECT, com.google.blockly.model.Connection.REASON_SELF_CONNECTION, com.google.blockly.model.Connection.REASON_WRONG_TYPE, com.google.blockly.model.Connection.REASON_MUST_DISCONNECT, com.google.blockly.model.Connection.REASON_TARGET_NULL, com.google.blockly.model.Connection.REASON_CHECKS_FAILED}" />
    </annotation>
  </item>
  <item name="com.google.blockly.model.Connection int getType()">
    <annotation name="android.support.annotation.IntDef">
      <val name="value" val="{com.google.blockly.model.Connection.CONNECTION_TYPE_PREVIOUS, com.google.blockly.model.Connection.CONNECTION_TYPE_NEXT, com.google.blockly.model.Connection.CONNECTION_TYPE_INPUT, com.google.blockly.model.Connection.CONNECTION_TYPE_OUTPUT}" />
    </annotation>
  </item>
  <item name="com.google.blockly.model.Connection mConnectionType">
    <annotation name="android.support.annotation.IntDef">
      <val name="value" val="{com.google.blockly.model.Connection.CONNECTION_TYPE_PREVIOUS, com.google.blockly.model.Connection.CONNECTION_TYPE_NEXT, com.google.blockly.model.Connection.CONNECTION_TYPE_INPUT, com.google.blockly.model.Connection.CONNECTION_TYPE_OUTPUT}" />
    </annotation>
  </item>
  <item name="com.google.blockly.model.Connection.CheckResultType">
    <annotation name="android.support.annotation.IntDef">
      <val name="value" val="{com.google.blockly.model.Connection.CAN_CONNECT, com.google.blockly.model.Connection.REASON_SELF_CONNECTION, com.google.blockly.model.Connection.REASON_WRONG_TYPE, com.google.blockly.model.Connection.REASON_MUST_DISCONNECT, com.google.blockly.model.Connection.REASON_TARGET_NULL, com.google.blockly.model.Connection.REASON_CHECKS_FAILED}" />
    </annotation>
  </item>
  <item name="com.google.blockly.model.Connection.ConnectionType">
    <annotation name="android.support.annotation.IntDef">
      <val name="value" val="{com.google.blockly.model.Connection.CONNECTION_TYPE_PREVIOUS, com.google.blockly.model.Connection.CONNECTION_TYPE_NEXT, com.google.blockly.model.Connection.CONNECTION_TYPE_INPUT, com.google.blockly.model.Connection.CONNECTION_TYPE_OUTPUT}" />
    </annotation>
  </item>
  <item name="com.google.blockly.model.Field Field(java.lang.String, int) 1">
    <annotation name="android.support.annotation.IntDef">
      <val name="value" val="{com.google.blockly.model.Field.TYPE_UNKNOWN, com.google.blockly.model.Field.TYPE_LABEL, com.google.blockly.model.Field.TYPE_INPUT, com.google.blockly.model.Field.TYPE_ANGLE, com.google.blockly.model.Field.TYPE_CHECKBOX, com.google.blockly.model.Field.TYPE_COLOR, com.google.blockly.model.Field.TYPE_DATE, com.google.blockly.model.Field.TYPE_VARIABLE, com.google.blockly.model.Field.TYPE_DROPDOWN, com.google.blockly.model.Field.TYPE_IMAGE, com.google.blockly.model.Field.TYPE_NUMBER}" />
    </annotation>
  </item>
  <item name="com.google.blockly.model.Field int getType()">
    <annotation name="android.support.annotation.IntDef">
      <val name="value" val="{com.google.blockly.model.Field.TYPE_UNKNOWN, com.google.blockly.model.Field.TYPE_LABEL, com.google.blockly.model.Field.TYPE_INPUT, com.google.blockly.model.Field.TYPE_ANGLE, com.google.blockly.model.Field.TYPE_CHECKBOX, com.google.blockly.model.Field.TYPE_COLOR, com.google.blockly.model.Field.TYPE_DATE, com.google.blockly.model.Field.TYPE_VARIABLE, com.google.blockly.model.Field.TYPE_DROPDOWN, com.google.blockly.model.Field.TYPE_IMAGE, com.google.blockly.model.Field.TYPE_NUMBER}" />
    </annotation>
  </item>
  <item name="com.google.blockly.model.Field int stringToFieldType(java.lang.String)">
    <annotation name="android.support.annotation.IntDef">
      <val name="value" val="{com.google.blockly.model.Field.TYPE_UNKNOWN, com.google.blockly.model.Field.TYPE_LABEL, com.google.blockly.model.Field.TYPE_INPUT, com.google.blockly.model.Field.TYPE_ANGLE, com.google.blockly.model.Field.TYPE_CHECKBOX, com.google.blockly.model.Field.TYPE_COLOR, com.google.blockly.model.Field.TYPE_DATE, com.google.blockly.model.Field.TYPE_VARIABLE, com.google.blockly.model.Field.TYPE_DROPDOWN, com.google.blockly.model.Field.TYPE_IMAGE, com.google.blockly.model.Field.TYPE_NUMBER}" />
    </annotation>
  </item>
  <item name="com.google.blockly.model.Field.FieldType">
    <annotation name="android.support.annotation.IntDef">
      <val name="value" val="{com.google.blockly.model.Field.TYPE_UNKNOWN, com.google.blockly.model.Field.TYPE_LABEL, com.google.blockly.model.Field.TYPE_INPUT, com.google.blockly.model.Field.TYPE_ANGLE, com.google.blockly.model.Field.TYPE_CHECKBOX, com.google.blockly.model.Field.TYPE_COLOR, com.google.blockly.model.Field.TYPE_DATE, com.google.blockly.model.Field.TYPE_VARIABLE, com.google.blockly.model.Field.TYPE_DROPDOWN, com.google.blockly.model.Field.TYPE_IMAGE, com.google.blockly.model.Field.TYPE_NUMBER}" />
    </annotation>
  </item>
  <item name="com.google.blockly.model.Input Input(java.lang.String, int, java.util.List&lt;? extends com.google.blockly.model.Field&gt;, int, com.google.blockly.model.Connection) 1">
    <annotation name="android.support.annotation.IntDef">
      <val name="value" val="{com.google.blockly.model.Input.TYPE_VALUE, com.google.blockly.model.Input.TYPE_STATEMENT, com.google.blockly.model.Input.TYPE_DUMMY}" />
    </annotation>
  </item>
  <item name="com.google.blockly.model.Input Input(java.lang.String, int, java.util.List&lt;? extends com.google.blockly.model.Field&gt;, int, com.google.blockly.model.Connection) 3">
    <annotation name="android.support.annotation.IntDef">
      <val name="value" val="{com.google.blockly.model.Input.ALIGN_LEFT, com.google.blockly.model.Input.ALIGN_RIGHT, com.google.blockly.model.Input.ALIGN_CENTER}" />
    </annotation>
  </item>
  <item name="com.google.blockly.model.Input Input(java.lang.String, int, java.util.List&lt;? extends com.google.blockly.model.Field&gt;, java.lang.String, com.google.blockly.model.Connection) 1">
    <annotation name="android.support.annotation.IntDef">
      <val name="value" val="{com.google.blockly.model.Input.TYPE_VALUE, com.google.blockly.model.Input.TYPE_STATEMENT, com.google.blockly.model.Input.TYPE_DUMMY}" />
    </annotation>
  </item>
  <item name="com.google.blockly.model.Input int getAlign()">
    <annotation name="android.support.annotation.IntDef">
      <val name="value" val="{com.google.blockly.model.Input.ALIGN_LEFT, com.google.blockly.model.Input.ALIGN_RIGHT, com.google.blockly.model.Input.ALIGN_CENTER}" />
    </annotation>
  </item>
  <item name="com.google.blockly.model.Input int getType()">
    <annotation name="android.support.annotation.IntDef">
      <val name="value" val="{com.google.blockly.model.Input.TYPE_VALUE, com.google.blockly.model.Input.TYPE_STATEMENT, com.google.blockly.model.Input.TYPE_DUMMY}" />
    </annotation>
  </item>
  <item name="com.google.blockly.model.Input int stringToAlignment(java.lang.String)">
    <annotation name="android.support.annotation.IntDef">
      <val name="value" val="{com.google.blockly.model.Input.ALIGN_LEFT, com.google.blockly.model.Input.ALIGN_RIGHT, com.google.blockly.model.Input.ALIGN_CENTER}" />
    </annotation>
  </item>
  <item name="com.google.blockly.model.Input mAlign">
    <annotation name="android.support.annotation.IntDef">
      <val name="value" val="{com.google.blockly.model.Input.ALIGN_LEFT, com.google.blockly.model.Input.ALIGN_RIGHT, com.google.blockly.model.Input.ALIGN_CENTER}" />
    </annotation>
  </item>
  <item name="com.google.blockly.model.Input mType">
    <annotation name="android.support.annotation.IntDef">
      <val name="value" val="{com.google.blockly.model.Input.TYPE_VALUE, com.google.blockly.model.Input.TYPE_STATEMENT, com.google.blockly.model.Input.TYPE_DUMMY}" />
    </annotation>
  </item>
  <item name="com.google.blockly.model.Input.Alignment">
    <annotation name="android.support.annotation.IntDef">
      <val name="value" val="{com.google.blockly.model.Input.ALIGN_LEFT, com.google.blockly.model.Input.ALIGN_RIGHT, com.google.blockly.model.Input.ALIGN_CENTER}" />
    </annotation>
  </item>
  <item name="com.google.blockly.model.Input.InputDummy InputDummy(java.lang.String, java.util.List&lt;com.google.blockly.model.Field&gt;, int) 2">
    <annotation name="android.support.annotation.IntDef">
      <val name="value" val="{com.google.blockly.model.Input.ALIGN_LEFT, com.google.blockly.model.Input.ALIGN_RIGHT, com.google.blockly.model.Input.ALIGN_CENTER}" />
    </annotation>
  </item>
  <item name="com.google.blockly.model.Input.InputStatement InputStatement(java.lang.String, java.util.List&lt;com.google.blockly.model.Field&gt;, int, java.lang.String[]) 2">
    <annotation name="android.support.annotation.IntDef">
      <val name="value" val="{com.google.blockly.model.Input.ALIGN_LEFT, com.google.blockly.model.Input.ALIGN_RIGHT, com.google.blockly.model.Input.ALIGN_CENTER}" />
    </annotation>
  </item>
  <item name="com.google.blockly.model.Input.InputType">
    <annotation name="android.support.annotation.IntDef">
      <val name="value" val="{com.google.blockly.model.Input.TYPE_VALUE, com.google.blockly.model.Input.TYPE_STATEMENT, com.google.blockly.model.Input.TYPE_DUMMY}" />
    </annotation>
  </item>
  <item name="com.google.blockly.model.Input.InputValue InputValue(java.lang.String, java.util.List&lt;? extends com.google.blockly.model.Field&gt;, int, java.lang.String[]) 2">
    <annotation name="android.support.annotation.IntDef">
      <val name="value" val="{com.google.blockly.model.Input.ALIGN_LEFT, com.google.blockly.model.Input.ALIGN_RIGHT, com.google.blockly.model.Input.ALIGN_CENTER}" />
    </annotation>
  </item>
</root>

