<?xml version="1.0" encoding="UTF-8"?>
<root>
  <item name="com.google.blockly.android.control.BlocklyController boolean hasCallback(int) 0">
    <annotation name="android.support.annotation.IntDef">
      <val name="flag" val="true" />
      <val name="value" val="{com.google.blockly.model.BlocklyEvent.TYPE_CHANGE, com.google.blockly.model.BlocklyEvent.TYPE_CREATE, com.google.blockly.model.BlocklyEvent.TYPE_DELETE, com.google.blockly.model.BlocklyEvent.TYPE_MOVE, com.google.blockly.model.BlocklyEvent.TYPE_UI}" />
    </annotation>
  </item>
  <item name="com.google.blockly.android.control.BlocklyController.EventsCallback int getTypesBitmask()">
    <annotation name="android.support.annotation.IntDef">
      <val name="flag" val="true" />
      <val name="value" val="{com.google.blockly.model.BlocklyEvent.TYPE_CHANGE, com.google.blockly.model.BlocklyEvent.TYPE_CREATE, com.google.blockly.model.BlocklyEvent.TYPE_DELETE, com.google.blockly.model.BlocklyEvent.TYPE_MOVE, com.google.blockly.model.BlocklyEvent.TYPE_UI}" />
    </annotation>
  </item>
</root>

