<?xml version="1.0" encoding="UTF-8"?>
<root>
  <item name="com.google.blockly.android.ui.fieldview.BasicFieldVariableView.VariableViewAdapter int getVariableAction(int)">
    <annotation name="android.support.annotation.IntDef">
      <val name="value" val="{com.google.blockly.android.ui.fieldview.BasicFieldVariableView.VariableViewAdapter.ACTION_SELECT_VARIABLE, com.google.blockly.android.ui.fieldview.BasicFieldVariableView.VariableViewAdapter.ACTION_RENAME_VARIABLE, com.google.blockly.android.ui.fieldview.BasicFieldVariableView.VariableViewAdapter.ACTION_DELETE_VARIABLE}" />
    </annotation>
  </item>
  <item name="com.google.blockly.android.ui.fieldview.BasicFieldVariableView.VariableViewAdapter.VariableAdapterType">
    <annotation name="android.support.annotation.IntDef">
      <val name="value" val="{com.google.blockly.android.ui.fieldview.BasicFieldVariableView.VariableViewAdapter.ACTION_SELECT_VARIABLE, com.google.blockly.android.ui.fieldview.BasicFieldVariableView.VariableViewAdapter.ACTION_RENAME_VARIABLE, com.google.blockly.android.ui.fieldview.BasicFieldVariableView.VariableViewAdapter.ACTION_DELETE_VARIABLE}" />
    </annotation>
  </item>
  <item name="com.google.blockly.android.ui.fieldview.VariableRequestCallback.VariableRequestType">
    <annotation name="android.support.annotation.IntDef">
      <val name="value" val="{com.google.blockly.android.ui.fieldview.VariableRequestCallback.REQUEST_DELETE, com.google.blockly.android.ui.fieldview.VariableRequestCallback.REQUEST_RENAME, com.google.blockly.android.ui.fieldview.VariableRequestCallback.REQUEST_CREATE}" />
    </annotation>
  </item>
</root>

